{
  "type": "minecraft:crafting_shapeless",
  "category": "misc",
  "ingredients": [
    {
      "item": "minecraft:light_gray_concrete_powder"
    },
    {
      "item": "minecraft:light_gray_concrete_powder"
    },
    {
      "item": "minecraft:light_gray_concrete_powder"
    },
    {
      "item": "minecraft:light_gray_concrete_powder"
    },
    {
      "item": "minecraft:black_dye"
    },
    {
      "item": "minecraft:light_gray_concrete_powder"
    },
    {
      "item": "minecraft:light_gray_concrete_powder"
    },
    {
      "item": "minecraft:light_gray_concrete_powder"
    },
    {
      "item": "minecraft:light_gray_concrete_powder"
    }
  ],
  "result": {
    "item": "minecraft:black_concrete_powder",
    "count": 8
  }
}