{
  "_fv": 47,
  "_type": "recipe",
  "definition": {
    "recipeType": "Crafting",
    "recipeRetstackSize": 8,
    "group": "",
    "cookingBookCategory": "MISC",
    "xpReward": 0.0,
    "cookingTime": 200,
    "craftingBookCategory": "MISC",
    "recipeShapeless": true,
    "recipeSlots": [
      {
        "value": "Blocks.SAND"
      },
      {
        "value": "Blocks.SAND"
      },
      {
        "value": "Blocks.SAND"
      },
      {
        "value": "Blocks.SAND"
      },
      {
        "value": ""
      },
      {
        "value": "Blocks.GRAVEL"
      },
      {
        "value": "Blocks.GRAVEL"
      },
      {
        "value": "Blocks.GRAVEL"
      },
      {
        "value": "Blocks.GRAVEL"
      }
    ],
    "recipeReturnStack": {
      "value": "Blocks.CONCRETE_POWDER#8"
    },
    "name": "better_concrete",
    "namespace": "minecraft"
  }
}