{
  "_fv": 47,
  "_type": "recipe",
  "definition": {
    "recipeType": "Crafting",
    "recipeRetstackSize": 8,
    "group": "",
    "cookingBookCategory": "MISC",
    "xpReward": 0.0,
    "cookingTime": 200,
    "craftingBookCategory": "MISC",
    "recipeShapeless": true,
    "recipeSlots": [
      {
        "value": "Blocks.CONCRETE_POWDER#8"
      },
      {
        "value": "Blocks.CONCRETE_POWDER#8"
      },
      {
        "value": "Blocks.CONCRETE_POWDER#8"
      },
      {
        "value": "Blocks.CONCRETE_POWDER#8"
      },
      {
        "value": "Items.DYE#5"
      },
      {
        "value": "Blocks.CONCRETE_POWDER#8"
      },
      {
        "value": "Blocks.CONCRETE_POWDER#8"
      },
      {
        "value": "Blocks.CONCRETE_POWDER#8"
      },
      {
        "value": "Blocks.CONCRETE_POWDER#8"
      }
    ],
    "recipeReturnStack": {
      "value": "Blocks.CONCRETE_POWDER#10"
    },
    "name": "grey_to_purple",
    "namespace": "mod"
  }
}